{"cameraMode":{"drawMode":0,"name":"Shaded","section":"Shading Mode"},"sceneLighting":true,"audioPlay":false,"sceneViewState":{"m_AlwaysRefresh":false,"showFog":true,"showSkybox":true,"showFlares":true,"showImageEffects":true,"showParticleSystems":true,"showVisualEffectGraphs":true,"m_FxEnabled":false},"in2DMode":false,"pivot":{"x":0.5111620426177979,"y":0.5803431272506714,"z":0.028219103813171388},"rotation":{"x":0.1839894950389862,"y":0.15759381651878358,"z":-0.029900094494223596,"w":0.9697551131248474},"size":0.6964194178581238,"orthographic":false}